Framework,Control Number,Control Priority,Control Class,Control Phase,Control Short Name,Control Long Name,Control Description,Control Family,New one
CIS Critical Security Controls v7,1.1,Basic,Devices,Identify,Utilize an Active Discovery Tool,Utilize an Active Discovery Tool,Utilize an active discovery tool to identify devices connected to the organization's network and update the hardware asset inventory.,Inventory and Control of Hardware Assets,
CIS Critical Security Controls v7,1.2,Basic,Devices,Identify,Use a Passive Asset Discovery Tool,Use a Passive Asset Discovery Tool,Utilize a passive discovery tool to identify devices connected to the organization's network and automatically update the organization's hardware asset inventory.,Inventory and Control of Hardware Assets,
CIS Critical Security Controls v7,1.3,Basic,Devices,Identify,Use DHCP Logging to Update Asset Inventory,Use DHCP Logging to Update Asset Inventory,Use Dynamic Host Configuration Protocol (DHCP) logging on all DHCP servers or IP address management tools to update the organization's hardware asset inventory.,Inventory and Control of Hardware Assets,
CIS Critical Security Controls v7,1.4,Basic,Devices,Identify,Maintain Detailed Asset Inventory,Maintain Detailed Asset Inventory,"Maintain an accurate and up-to-date inventory of all technology assets with the potential to store or process information. This inventory shall include all hardware assets, whether connected to the organization's network or not.",Inventory and Control of Hardware Assets,
CIS Critical Security Controls v7,1.5,Basic,Devices,Identify,Maintain Asset Inventory Information,Maintain Asset Inventory Information,"Ensure that the hardware asset inventory records the network address, hardware address, machine name, data asset owner, and department for each asset and whether the hardware asset has been approved to connect to the network.",Inventory and Control of Hardware Assets,
CIS Critical Security Controls v7,1.6,Basic,Devices,Respond,Address Unauthorized Assets,Address Unauthorized Assets,"Ensure that unauthorized assets are either removed from the network, quarantined or the inventory is updated in a timely manner.",Inventory and Control of Hardware Assets,
CIS Critical Security Controls v7,1.7,Basic,Devices,Protect,Deploy Port Level Access Control,Deploy Port Level Access Control,"Utilize port level access control, following 802.1x standards, to control which devices can authenticate to the network. The authentication system shall be tied into the hardware asset inventory data to ensure only authorized devices can connect to the network.",Inventory and Control of Hardware Assets,
CIS Critical Security Controls v7,1.8,Basic,Devices,Protect,Utilize Client Certificates to Authenticate Hardware Assets,Utilize Client Certificates to Authenticate Hardware Assets,Use client certificates to authenticate hardware assets connecting to the organization's trusted network.,Inventory and Control of Hardware Assets,
CIS Critical Security Controls v7,2.1,Basic,Applications,Identify,Maintain Inventory of Authorized Software,Maintain Inventory of Authorized Software,Maintain an up-to-date list of all authorized software that is required in the enterprise for any business purpose on any business system.,Inventory and Control of Software Assets,
CIS Critical Security Controls v7,2.2,Basic,Applications,Identify,Ensure Software is Supported by Vendor,Ensure Software is Supported by Vendor,Ensure that only software applications or operating systems currently supported by the software's vendor are added to the organization's authorized software inventory. Unsupported software should be tagged as unsupported in the inventory system.,Inventory and Control of Software Assets,
CIS Critical Security Controls v7,2.3,Basic,Applications,Identify,Utilize Software Inventory Tools,Utilize Software Inventory Tools,Utilize software inventory tools throughout the organization to automate the documentation of all software on business systems.,Inventory and Control of Software Assets,
CIS Critical Security Controls v7,2.4,Basic,Applications,Identify,Track Software Inventory Information,Track Software Inventory Information,"The software inventory system should track the name, version, publisher, and install date for all software, including operating systems authorized by the organization.",Inventory and Control of Software Assets,
CIS Critical Security Controls v7,2.5,Basic,Applications,Identify,Integrate Software and Hardware Asset Inventories,Integrate Software and Hardware Asset Inventories,The software inventory system should be tied into the hardware asset inventory so all devices and associated software are tracked from a single location.,Inventory and Control of Software Assets,
CIS Critical Security Controls v7,2.6,Basic,Applications,Respond,Address unapproved software,Address unapproved software,Ensure that unauthorized software is either removed or the inventory is updated in a timely manner,Inventory and Control of Software Assets,
CIS Critical Security Controls v7,2.7,Basic,Applications,Protect,Utilize Application Whitelisting,Utilize Application Whitelisting,Utilize application whitelisting technology on all assets to ensure that only authorized software executes and all unauthorized software is blocked from executing on assets.,Inventory and Control of Software Assets,
CIS Critical Security Controls v7,2.8,Basic,Applications,Protect,Implement Application Whitelisting of Libraries,Implement Application Whitelisting of Libraries,"The organization's application whitelisting software must ensure that only authorized software libraries (such as *.dll, *.ocx, *.so, etc) are allowed to load into a system process.",Inventory and Control of Software Assets,
CIS Critical Security Controls v7,2.9,Basic,Applications,Protect,Implement Application Whitelisting of Scripts,Implement Application Whitelisting of Scripts,"The organization's application whitelisting software must ensure that only authorized, digitally signed scripts (such as *.ps1, 
 *.py, macros, etc) are allowed to run on a system.",Inventory and Control of Software Assets,
CIS Critical Security Controls v7,2.1,Basic,Applications,Protect,Physically or Logically Segregate High Risk Applications,Physically or Logically Segregate High Risk Applications,Physically or logically segregated systems should be used to isolate and run software that is required for business operations but incur higher risk for the organization.,Inventory and Control of Software Assets,
CIS Critical Security Controls v7,3.1,Basic,Applications,Detect,Run Automated Vulnerability Scanning Tools,Run Automated Vulnerability Scanning Tools,Utilize an up-to-date SCAP-compliant vulnerability scanning tool to automatically scan all systems on the network on a weekly or more frequent basis to identify all potential vulnerabilities on the organization's systems.,Continuous Vulnerability Management,
CIS Critical Security Controls v7,3.2,Basic,Applications,Detect,Perform Authenticated Vulnerability Scanning,Perform Authenticated Vulnerability Scanning,Perform authenticated vulnerability scanning with agents running locally on each system or with remote scanners that are configured with elevated rights on the system being tested.,Continuous Vulnerability Management,
CIS Critical Security Controls v7,3.3,Basic,Users,Protect,Protect Dedicated Assessment Accounts,Protect Dedicated Assessment Accounts,"Use a dedicated account for authenticated vulnerability scans, which should not be used for any other administrative activities and should be tied to specific machines at specific IP addresses.",Continuous Vulnerability Management,
CIS Critical Security Controls v7,3.4,Basic,Applications,Protect,Deploy Automated Operating System Patch Management Tools,Deploy Automated Operating System Patch Management Tools,Deploy automated software update tools in order to ensure that the operating systems are running the most recent security updates provided by the software vendor.,Continuous Vulnerability Management,
CIS Critical Security Controls v7,3.5,Basic,Applications,Protect,Deploy Automated Software Patch Management Tools,Deploy Automated Software Patch Management Tools,Deploy automated software update tools in order to ensure that third-party software on all systems is running the most recent security updates provided by the software vendor.,Continuous Vulnerability Management,
CIS Critical Security Controls v7,3.6,Basic,Applications,Respond,Compare Back-to-back Vulnerability Scans,Compare Back-to-back Vulnerability Scans,Regularly compare the results from back-to-back vulnerability scans to verify that vulnerabilities have been remediated in a timely manner.,Continuous Vulnerability Management,
CIS Critical Security Controls v7,3.7,Basic,Applications,Respond,Utilize a Risk-rating Process,Utilize a Risk-rating Process,Utilize a risk-rating process to prioritize the remediation of discovered vulnerabilities.,Continuous Vulnerability Management,
CIS Critical Security Controls v7,4.1,Basic,Users,Detect,Maintain Inventory of Administrative Accounts,Maintain Inventory of Administrative Accounts,"Use automated tools to inventory all administrative accounts, including domain and local accounts, to ensure that only authorized individuals have elevated privileges.",Controlled Use of Administrative Privileges,
CIS Critical Security Controls v7,4.2,Basic,Users,Protect,Change Default Passwords,Change Default Passwords,"Before deploying any new asset, change all default passwords to have values consistent with administrative level accounts.",Controlled Use of Administrative Privileges,
CIS Critical Security Controls v7,4.3,Basic,Users,Protect,Ensure the Use of Dedicated Administrative Accounts,Ensure the Use of Dedicated Administrative Accounts,"Ensure that all users with administrative account access use a dedicated or secondary account for elevated activities. This account should only be used for administrative activities and not internet browsing, email, or similar activities.",Controlled Use of Administrative Privileges,
CIS Critical Security Controls v7,4.4,Basic,Users,Protect,Use Unique Passwords,Use Unique Passwords,"Where multi-factor authentication is not supported (such as local administrator, root, or service accounts), accounts will use passwords that are unique to that system.",Controlled Use of Administrative Privileges,
CIS Critical Security Controls v7,4.5,Basic,Users,Protect,Use Multifactor Authentication For All Administrative Access,Use Multifactor Authentication For All Administrative Access,Use multi-factor authentication and encrypted channels for all administrative account access.,Controlled Use of Administrative Privileges,
CIS Critical Security Controls v7,4.6,Basic,Users,Protect,Use of Dedicated Machines For All Administrative Tasks,Use of Dedicated Machines For All Administrative Tasks,"Ensure administrators use a dedicated machine for all administrative tasks or tasks requiring administrative access. This machine will be segmented from the organization's primary network and not be allowed Internet access. This machine will not be used for reading e-mail, composing documents, or browsing the Internet.",Controlled Use of Administrative Privileges,
CIS Critical Security Controls v7,4.7,Basic,Users,Protect,Limit Access to Script Tools,Limit Access to Script Tools,Limit access to scripting tools (such as Microsoft PowerShell and Python) to only administrative or development users with the need to access those capabilities.,Controlled Use of Administrative Privileges,
CIS Critical Security Controls v7,4.8,Basic,Users,Detect,Log and Alert on Changes to Administrative Group Membership,Log and Alert on Changes to Administrative Group Membership,Configure systems to issue a log entry and alert when an account is added to or removed from any group assigned administrative privileges.,Controlled Use of Administrative Privileges,
CIS Critical Security Controls v7,4.9,Basic,Users,Detect,Log and Alert on Unsuccessful Administrative Account Login,Log and Alert on Unsuccessful Administrative Account Login,Configure systems to issue a log entry and alert on unsuccessful logins to an administrative account.,Controlled Use of Administrative Privileges,
CIS Critical Security Controls v7,5.1,Basic,Applications,Protect,Establish Secure Configurations,Establish Secure Configurations,"Maintain documented, standard security configuration standards for all authorized operating systems and software.","Secure Configuration for Hardware and Software on Mobile Devices, Laptops, Workstations and Servers",
CIS Critical Security Controls v7,5.2,Basic,Applications,Protect,Maintain Secure Images,Maintain Secure Images,Maintain secure images or templates for all systems in the enterprise based on the organization's approved configuration standards. Any new system deployment or existing system that becomes compromised should be imaged using one of those images or templates.,"Secure Configuration for Hardware and Software on Mobile Devices, Laptops, Workstations and Servers",
CIS Critical Security Controls v7,5.3,Basic,Applications,Protect,Securely Store Master Images,Securely Store Master Images,"Store the master images and templates on securely configured servers, validated with integrity monitoring tools, to ensure that only authorized changes to the images are possible.","Secure Configuration for Hardware and Software on Mobile Devices, Laptops, Workstations and Servers",
CIS Critical Security Controls v7,5.4,Basic,Applications,Protect,Deploy System Configuration Management Tools,Deploy System Configuration Management Tools,Deploy system configuration management tools that will automatically enforce and redeploy configuration settings to systems at regularly scheduled intervals.,"Secure Configuration for Hardware and Software on Mobile Devices, Laptops, Workstations and Servers",
CIS Critical Security Controls v7,5.5,Basic,Applications,Detect,Implement Automated Configuration Monitoring Systems,Implement Automated Configuration Monitoring Systems,"Utilize a Security Content Automation Protocol (SCAP) compliant configuration monitoring system to verify all security configuration elements, catalog approved exceptions, and alert when unauthorized changes occur.","Secure Configuration for Hardware and Software on Mobile Devices, Laptops, Workstations and Servers",
CIS Critical Security Controls v7,6.1,Basic,Network,Detect,Utilize Three Synchronized Time Sources,Utilize Three Synchronized Time Sources,Use at least three synchronized time sources from which all servers and network devices retrieve time information on a regular basis so that timestamps in logs are consistent.,"Maintenance, Monitoring and Analysis of Audit Logs",
CIS Critical Security Controls v7,6.2,Basic,Network,Detect,Activate audit logging,Activate audit logging,Ensure that local logging has been enabled on all systems and networking devices.,"Maintenance, Monitoring and Analysis of Audit Logs",
CIS Critical Security Controls v7,6.3,Basic,Network,Detect,Enable Detailed Logging,Enable Detailed Logging,"Enable system logging to include detailed information such as a event source, date, user, timestamp, source addresses, destination addresses, and other useful elements.","Maintenance, Monitoring and Analysis of Audit Logs",
CIS Critical Security Controls v7,6.4,Basic,Network,Detect,Ensure adequate storage for logs,Ensure adequate storage for logs,Ensure that all systems that store logs have adequate storage space for the logs generated.,"Maintenance, Monitoring and Analysis of Audit Logs",
CIS Critical Security Controls v7,6.5,Basic,Network,Detect,Central Log Management,Central Log Management,Ensure that appropriate logs are being aggregated to a central log management system for analysis and review.,"Maintenance, Monitoring and Analysis of Audit Logs",
CIS Critical Security Controls v7,6.6,Basic,Network,Detect,Deploy SIEM or Log Analytic tool,Deploy SIEM or Log Analytic tool,Deploy Security Information and Event Management (SIEM) or log analytic tool for log correlation and analysis.,"Maintenance, Monitoring and Analysis of Audit Logs",
CIS Critical Security Controls v7,6.7,Basic,Network,Detect,Regularly Review Logs,Regularly Review Logs,"On a regular basis, review logs to identify anomalies or abnormal events.","Maintenance, Monitoring and Analysis of Audit Logs",
CIS Critical Security Controls v7,6.8,Basic,Network,Detect,Regularly Tune SIEM,Regularly Tune SIEM,"On a regular basis, tune your SIEM system to better identify actionable events and decrease event noise.","Maintenance, Monitoring and Analysis of Audit Logs",
CIS Critical Security Controls v7,7.1,Foundational,Applications,Protect,Ensure Use of Only Fully Supported Browsers and Email Clients,Ensure Use of Only Fully Supported Browsers and Email Clients,"Ensure that only fully supported web browsers and email clients are allowed to execute in the organization, ideally only using the latest version of the browsers and email clients provided by the vendor.",Email and Web Browser Protections,
CIS Critical Security Controls v7,7.2,Foundational,Applications,Protect,Disable Unnecessary or Unauthorized Browser or Email Client Plugins,Disable Unnecessary or Unauthorized Browser or Email Client Plugins,Uninstall or disable any unauthorized browser or email client plugins or add-on applications.,Email and Web Browser Protections,
CIS Critical Security Controls v7,7.3,Foundational,Applications,Protect,Limit Use of Scripting Languages in Web Browsers and Email Clients,Limit Use of Scripting Languages in Web Browsers and Email Clients,Ensure that only authorized scripting languages are able to run in all web browsers and email clients.,Email and Web Browser Protections,
CIS Critical Security Controls v7,7.4,Foundational,Network,Protect,Maintain and Enforce Network-Based URL Filters,Maintain and Enforce Network-Based URL Filters,"Enforce network-based URL filters that limit a system's ability to connect to websites not approved by the organization. This filtering shall be enforced for each of the organization's systems, whether they are physically at an organization's facilities or not.",Email and Web Browser Protections,
CIS Critical Security Controls v7,7.5,Foundational,Network,Protect,Subscribe to URL-Categorization service,Subscribe to URL-Categorization service,Subscribe to URL categorization services to ensure that they are up-to-date with the most recent website category definitions available. Uncategorized sites shall be blocked by default.,Email and Web Browser Protections,
CIS Critical Security Controls v7,7.6,Foundational,Network,Detect,Log all URL requests,Log all URL requests,"Log all URL requests from each of the organization's systems, whether onsite or a mobile device, in order to identify potentially malicious activity and assist incident handlers with identifying potentially compromised systems.",Email and Web Browser Protections,
CIS Critical Security Controls v7,7.7,Foundational,Network,Protect,Use of DNS Filtering Services,Use of DNS Filtering Services,Use DNS filtering services to help block access to known malicious domains.,Email and Web Browser Protections,
CIS Critical Security Controls v7,7.8,Foundational,Network,Protect,Implement DMARC and Enable Receiver-Side Verification,Implement DMARC and Enable Receiver-Side Verification,"To lower the chance of spoofed or modified emails from valid domains, implement Domain-based Message Authentication, Reporting and Conformance (DMARC) policy and verification, starting by implementing the Sender Policy Framework (SPF) and the DomainKeys Identified Mail(DKIM) standards.",Email and Web Browser Protections,
CIS Critical Security Controls v7,7.9,Foundational,Network,Protect,Block Unnecessary File Types,Block Unnecessary File Types,Block all e-mail attachments entering the organization's e-mail gateway if the file types are unnecessary for the organization's business.,Email and Web Browser Protections,
CIS Critical Security Controls v7,7.1,Foundational,Network,Protect,Sandbox All Email Attachments,Sandbox All Email Attachments,Use sandboxing to analyze and block inbound email attachments with malicious behavior.,Email and Web Browser Protections,
CIS Critical Security Controls v7,8.1,Foundational,Devices,Protect,Utilize Centrally Managed Anti-malware Software,Utilize Centrally Managed Anti-malware Software,Utilize centrally managed anti-malware software to continuously monitor and defend each of the organization's workstations and servers.,Malware Defenses,
CIS Critical Security Controls v7,8.2,Foundational,Devices,Protect,Ensure Anti-Malware Software and Signatures are Updated,Ensure Anti-Malware Software and Signatures are Updated,Ensure that the organization's anti-malware software updates its scanning engine and signature database on a regular basis.,Malware Defenses,
CIS Critical Security Controls v7,8.3,Foundational,Devices,Protect,Enable Operating System Anti-Exploitation Features/ Deploy Anti-Exploit Technologies,Enable Operating System Anti-Exploitation Features/ Deploy Anti-Exploit Technologies,Enable anti-exploitation features such as Data Execution Prevention (DEP) or Address Space Layout Randomization (ASLR) that are available in an operating system or deploy appropriate toolkits that can be configured to apply protection to a broader set of applications and executables.,Malware Defenses,
CIS Critical Security Controls v7,8.4,Foundational,Devices,Detect,Configure Anti-Malware Scanning of Removable Devices,Configure Anti-Malware Scanning of Removable Devices,Configure devices so that they automatically conduct an anti-malware scan of removable media when inserted or connected.,Malware Defenses,
CIS Critical Security Controls v7,8.5,Foundational,Devices,Protect,Configure Devices Not To Auto-run Content,Configure Devices Not To Auto-run Content,Configure devices to not auto-run content from removable media.,Malware Defenses,
CIS Critical Security Controls v7,8.6,Foundational,Devices,Detect,Centralize Anti-malware Logging,Centralize Anti-malware Logging,Send all malware detection events to enterprise anti-malware administration tools and event log servers for analysis and alerting.,Malware Defenses,
CIS Critical Security Controls v7,8.7,Foundational,Network,Detect,Enable DNS Query Logging,Enable DNS Query Logging,Enable Domain Name System (DNS) query logging to detect hostname lookups for known malicious domains.,Malware Defenses,
CIS Critical Security Controls v7,8.8,Foundational,Devices,Detect,Enable Command-line Audit Logging,Enable Command-line Audit Logging,"Enable command-line audit logging for command shells, such as Microsoft Powershell and Bash.",Malware Defenses,
CIS Critical Security Controls v7,9.1,Foundational,Devices,Identify,"Associate Active Ports, Services and Protocols to Asset Inventory","Associate Active Ports, Services and Protocols to Asset Inventory","Associate active ports, services and protocols to the hardware assets in the asset inventory.","Limitation and Control of Network Ports, Protocols, and Services",
CIS Critical Security Controls v7,9.2,Foundational,Devices,Protect,"Ensure Only Approved Ports, Protocols and Services Are Running","Ensure Only Approved Ports, Protocols and Services Are Running","Ensure that only network ports, protocols, and services listening on a system with validated business needs, are running on each system.","Limitation and Control of Network Ports, Protocols, and Services",
CIS Critical Security Controls v7,9.3,Foundational,Devices,Detect,Perform Regular Automated Port Scans,Perform Regular Automated Port Scans,Perform automated port scans on a regular basis against all systems and alert if unauthorized ports are detected on a system.,"Limitation and Control of Network Ports, Protocols, and Services",
CIS Critical Security Controls v7,9.4,Foundational,Devices,Protect,Apply Host-based Firewalls or Port Filtering,Apply Host-based Firewalls or Port Filtering,"Apply host-based firewalls or port filtering tools on end systems, with a default-deny rule that drops all traffic except those services and ports that are explicitly allowed.","Limitation and Control of Network Ports, Protocols, and Services",
CIS Critical Security Controls v7,9.5,Foundational,Devices,Protect,Implement Application Firewalls,Implement Application Firewalls,Place application firewalls in front of any critical servers to verify and validate the traffic going to the server. Any unauthorized traffic should be blocked and logged.,"Limitation and Control of Network Ports, Protocols, and Services",
CIS Critical Security Controls v7,10.1,Foundational,Data,Protect,Ensure Regular Automated Back Ups,Ensure Regular Automated Back Ups,Ensure that all system data is automatically backed up on regular basis.,Data Recovery Capabilities,
CIS Critical Security Controls v7,10.2,Foundational,Data,Protect,Perform Complete System Backups,Perform Complete System Backups,"Ensure that each of the organization's key systems are backed up as a complete system, through processes such as imaging, to enable the quick recovery of an entire system.",Data Recovery Capabilities,
CIS Critical Security Controls v7,10.3,Foundational,Data,Protect,Test Data on Backup Media,Test Data on Backup Media,Test data integrity on backup media on a regular basis by performing a data restoration process to ensure that the backup is properly working.,Data Recovery Capabilities,
CIS Critical Security Controls v7,10.4,Foundational,Data,Protect,Ensure Protection of Backups,Ensure Protection of Backups,"Ensure that backups are properly protected via physical security or encryption when they are stored, as well as when they are moved across the network. This includes remote backups and cloud services.",Data Recovery Capabilities,
CIS Critical Security Controls v7,10.5,Foundational,Data,Protect,Ensure Backups Have At least One Non-Continuously Addressable Destination,Ensure Backups Have At least One Non-Continuously Addressable Destination,Ensure that all backups have at least one backup destination that is not continuously addressable through operating system calls.,Data Recovery Capabilities,
CIS Critical Security Controls v7,11.1,Foundational,Network,Identify,Maintain Standard Security Configurations for Network Devices,Maintain Standard Security Configurations for Network Devices,"Maintain standard, documented security configuration standards for all authorized network devices.","Secure Configuration for Network Devices, such as Firewalls, Routers and Switches",
CIS Critical Security Controls v7,11.2,Foundational,Network,Identify,Document Traffic Configuration Rules,Document Traffic Configuration Rules,"All configuration rules that allow traffic to flow through network devices should be documented in a configuration management system with a specific business reason for each rule, a specific individual’s name responsible for that business need, and an expected duration of the need.","Secure Configuration for Network Devices, such as Firewalls, Routers and Switches",
CIS Critical Security Controls v7,11.3,Foundational,Network,Detect,Use Automated Tools to Verify Standard Device Configurations and Detect Changes,Use Automated Tools to Verify Standard Device Configurations and Detect Changes,Compare all network device configuration against approved security configurations defined for each network device in use and alert when any deviations are discovered.,"Secure Configuration for Network Devices, such as Firewalls, Routers and Switches",
CIS Critical Security Controls v7,11.4,Foundational,Network,Protect,Install the Latest Stable Version of Any Security-related Updates on All Network Devices,Install the Latest Stable Version of Any Security-related Updates on All Network Devices,Install the latest stable version of any security-related updates on all network devices.,"Secure Configuration for Network Devices, such as Firewalls, Routers and Switches",
CIS Critical Security Controls v7,11.5,Foundational,Network,Protect,Manage Network Devices Using Multi-Factor Authentication and Encrypted Sessions,Manage Network Devices Using Multi-Factor Authentication and Encrypted Sessions,Manage all network devices using multi-factor authentication and encrypted sessions.,"Secure Configuration for Network Devices, such as Firewalls, Routers and Switches",
CIS Critical Security Controls v7,11.6,Foundational,Network,Protect,Use Dedicated Machines For All Network Administrative Tasks,Use Dedicated Machines For All Network Administrative Tasks,"Ensure network engineers use a dedicated machine for all administrative tasks or tasks requiring elevated access. This machine shall be segmented from the organization's primary network and not be allowed Internet access. This machine shall not be used for reading e-mail, composing documents, or surfing the Internet.","Secure Configuration for Network Devices, such as Firewalls, Routers and Switches",
CIS Critical Security Controls v7,11.7,Foundational,Network,Protect,Manage Network Infrastructure Through a Dedicated Network,Manage Network Infrastructure Through a Dedicated Network,"Manage the network infrastructure across network connections that are separated from the business use of that network, relying on separate VLANs or, preferably, on entirely different physical connectivity for management sessions for network devices.","Secure Configuration for Network Devices, such as Firewalls, Routers and Switches",
CIS Critical Security Controls v7,12.1,Foundational,Network,Identify,Maintain an Inventory of Network Boundaries,Maintain an Inventory of Network Boundaries,Maintain an up-to-date inventory of all of the organization's network boundaries.,Boundary Defense,
CIS Critical Security Controls v7,12.2,Foundational,Network,Detect,Scan for Unauthorized Connections across Trusted Network Boundaries,Scan for Unauthorized Connections across Trusted Network Boundaries,Perform regular scans from outside each trusted network boundary to detect any unauthorized connections which are accessible across the boundary.,Boundary Defense,
CIS Critical Security Controls v7,12.3,Foundational,Network,Protect,Deny Communications with Known Malicious IP Addresses,Deny Communications with Known Malicious IP Addresses,"Deny communications with known malicious or unused Internet IP addresses and limit access only to trusted and necessary IP address ranges at each of the organization's network boundaries,.",Boundary Defense,
CIS Critical Security Controls v7,12.4,Foundational,Network,Protect,Deny Communication over Unauthorized Ports,Deny Communication over Unauthorized Ports,Deny communication over unauthorized TCP or UDP ports or application traffic to ensure that only authorized protocols are allowed to cross the network boundary in or out of the network at each of the organization's network boundaries.,Boundary Defense,
CIS Critical Security Controls v7,12.5,Foundational,Network,Detect,Configure Monitoring Systems to Record Network Packets,Configure Monitoring Systems to Record Network Packets,Configure monitoring systems to record network packets passing through the boundary at each of the organization's network boundaries.,Boundary Defense,
CIS Critical Security Controls v7,12.6,Foundational,Network,Detect,Deploy Network-based IDS Sensor,Deploy Network-based IDS Sensor,Deploy network-based Intrusion Detection Systems (IDS) sensors to look for unusual attack mechanisms and detect compromise of these systems at each of the organization's network boundaries.,Boundary Defense,
CIS Critical Security Controls v7,12.7,Foundational,Network,Protect,Deploy Network-Based Intrusion Prevention Systems,Deploy Network-Based Intrusion Prevention Systems,Deploy network-based Intrusion Prevention Systems (IPS) to block malicious network traffic at each of the organization's network boundaries.,Boundary Defense,
CIS Critical Security Controls v7,12.8,Foundational,Network,Detect,Deploy NetFlow Collection on Networking Boundary Devices,Deploy NetFlow Collection on Networking Boundary Devices,Enable the collection of NetFlow and logging data on all network boundary devices.,Boundary Defense,
CIS Critical Security Controls v7,12.9,Foundational,Network,Detect,Deploy Application Layer Filtering Proxy Server,Deploy Application Layer Filtering Proxy Server,Ensure that all network traffic to or from the Internet passes through an authenticated application layer proxy that is configured to filter unauthorized connections.,Boundary Defense,
CIS Critical Security Controls v7,12.1,Foundational,Network,Detect,Decrypt Network Traffic at Proxy,Decrypt Network Traffic at Proxy,"Decrypt all encrypted network traffic at the boundary proxy prior to analyzing the content. However, the organization may use whitelists of allowed sites that can be accessed through the proxy without decrypting the traffic.",Boundary Defense,
CIS Critical Security Controls v7,12.11,Foundational,Users,Protect,Require All Remote Login to Use Multi-factor Authentication,Require All Remote Login to Use Multi-factor Authentication,Require all remote login access to the organization's network to encrypt data in transit and use multi-factor authentication.,Boundary Defense,
CIS Critical Security Controls v7,12.12,Foundational,Devices,Protect,Manage All Devices Remotely Logging into Internal Network,Manage All Devices Remotely Logging into Internal Network,Scan all enterprise devices remotely logging into the organization's network prior to accessing the network to ensure that each of the organization's security policies has been enforced in the same manner as local network devices.,Boundary Defense,
CIS Critical Security Controls v7,13.1,Foundational,Data,Identify,Maintain an Inventory Sensitive Information,Maintain an Inventory Sensitive Information,"Maintain an inventory of all sensitive information stored, processed, or transmitted by the organization's technology systems, including those located onsite or at a remote service provider.",Data Protection,
CIS Critical Security Controls v7,13.2,Foundational,Data,Protect,Remove Sensitive Data or Systems Not Regularly Accessed by Organization,Remove Sensitive Data or Systems Not Regularly Accessed by Organization,Remove sensitive data or systems not regularly accessed by the organization from the network. These systems shall only be used as stand alone systems (disconnected from the network) by the business unit needing to occasionally use the system or completely virtualized and powered off until needed.,Data Protection,
CIS Critical Security Controls v7,13.3,Foundational,Data,Detect,Monitor and Block Unauthorized Network Traffic,Monitor and Block Unauthorized Network Traffic,Deploy an automated tool on network perimeters that monitors for unauthorized transfer of sensitive information and blocks such transfers while alerting information security professionals.,Data Protection,
CIS Critical Security Controls v7,13.4,Foundational,Data,Protect,Only Allow Access to Authorized Cloud Storage or Email Providers,Only Allow Access to Authorized Cloud Storage or Email Providers,Only allow access to authorized cloud storage or email providers.,Data Protection,
CIS Critical Security Controls v7,13.5,Foundational,Data,Detect,Monitor and Detect Any Unauthorized Use of Encryption,Monitor and Detect Any Unauthorized Use of Encryption,Monitor all traffic leaving the organization and detect any unauthorized use of encryption.,Data Protection,
CIS Critical Security Controls v7,13.6,Foundational,Data,Protect,Encrypt the Hard Drive of All Mobile Devices.,Encrypt the Hard Drive of All Mobile Devices.,Utilize approved whole disk encryption software to encrypt the hard drive of all mobile devices.,Data Protection,
CIS Critical Security Controls v7,13.7,Foundational,Data,Protect,Manage USB Devices,Manage USB Devices,"If USB storage devices are required, enterprise software should be used that can configure systems to allow the use of specific devices. An inventory of such devices should be maintained.",Data Protection,
CIS Critical Security Controls v7,13.8,Foundational,Data,Protect,Manage System's External Removable Media's Read/write Configurations,Manage System's External Removable Media's Read/write Configurations,"Configure systems not to write data to external removable media, if there is no business need for supporting such devices.",Data Protection,
CIS Critical Security Controls v7,13.9,Foundational,Data,Protect,Encrypt Data on USB Storage Devices,Encrypt Data on USB Storage Devices,"If USB storage devices are required, all data stored on such devices must be encrypted while at rest.",Data Protection,
CIS Critical Security Controls v7,14.1,Foundational,Network,Protect,Segment the Network Based on Sensitivity,Segment the Network Based on Sensitivity,"Segment the network based on the label or classification level of the information stored on the servers, locate all sensitive information on separated Virtual Local Area Networks (VLANs).",Controlled Access Based on the Need to Know,
CIS Critical Security Controls v7,14.2,Foundational,Network,Protect,Enable Firewall Filtering Between VLANs,Enable Firewall Filtering Between VLANs,Enable firewall filtering between VLANs to ensure that only authorized systems are able to communicate with other systems necessary to fulfill their specific responsibilities.,Controlled Access Based on the Need to Know,
CIS Critical Security Controls v7,14.3,Foundational,Network,Protect,Disable Workstation to Workstation Communication,Disable Workstation to Workstation Communication,"Disable all workstation to workstation communication to limit an attacker's ability to move laterally and compromise neighboring systems, through technologies such as Private VLANs or microsegmentation.",Controlled Access Based on the Need to Know,
CIS Critical Security Controls v7,14.4,Foundational,Data,Protect,Encrypt All Sensitive Information in Transit,Encrypt All Sensitive Information in Transit,Encrypt all sensitive information in transit.,Controlled Access Based on the Need to Know,
CIS Critical Security Controls v7,14.5,Foundational,Data,Detect,Utilize an Active Discovery Tool to Identify Sensitive Data,Utilize an Active Discovery Tool to Identify Sensitive Data,"Utilize an active discovery tool to identify all sensitive information stored, processed, or transmitted by the organization's technology systems, including those located onsite or at a remote service provider and update the organization's sensitive information inventory.",Controlled Access Based on the Need to Know,
CIS Critical Security Controls v7,14.6,Foundational,Data,Protect,Protect Information through  Access Control Lists,Protect Information through  Access Control Lists,"Protect all information stored on systems with file system, network share, claims, application, or database specific access control lists. These controls will enforce the principle that only authorized individuals should have access to the information based on their need to access the information as a part of their responsibilities.",Controlled Access Based on the Need to Know,
CIS Critical Security Controls v7,14.7,Foundational,Data,Protect,Enforce Access Control to Data through Automated Tools,Enforce Access Control to Data through Automated Tools,"Use an automated tool, such as host-based Data Loss Prevention, to enforce access controls to data even when data is copied off a system.",Controlled Access Based on the Need to Know,
CIS Critical Security Controls v7,14.8,Foundational,Data,Protect,Encrypt Sensitive Information at Rest,Encrypt Sensitive Information at Rest,"Encrypt all sensitive information at rest using a tool that requires a secondary authentication mechanism not integrated into the operating system, in order to access the information.",Controlled Access Based on the Need to Know,
CIS Critical Security Controls v7,14.9,Foundational,Data,Detect,Enforce Detail Logging for Access or Changes to Sensitive Data,Enforce Detail Logging for Access or Changes to Sensitive Data,Enforce detailed audit logging for access to sensitive data or changes to sensitive data (utilizing tools such as File Integrity Monitoring or Security Information and Event Monitoring).,Controlled Access Based on the Need to Know,
CIS Critical Security Controls v7,15.1,Foundational,Network,Identify,Maintain an Inventory of Authorized Wireless Access Points,Maintain an Inventory of Authorized Wireless Access Points,Maintain an inventory of authorized wireless access points connected to the wired network.,Wireless Access Control,
CIS Critical Security Controls v7,15.2,Foundational,Network,Detect,Detect Wireless Access Points Connected to the Wired Network,Detect Wireless Access Points Connected to the Wired Network,Configure network vulnerability scanning tools to detect and alert on unauthorized wireless access points connected to the wired network.,Wireless Access Control,
CIS Critical Security Controls v7,15.3,Foundational,Network,Detect,Use a Wireless Intrusion Detection System,Use a Wireless Intrusion Detection System,Use a wireless intrusion detection system (WIDS) to detect and alert on unauthorized wireless access points connected to the network.,Wireless Access Control,
CIS Critical Security Controls v7,15.4,Foundational,Devices,Protect,Disable Wireless Access on Devices if Not Required,Disable Wireless Access on Devices if Not Required,Disable wireless access on devices that do not have a business purpose for wireless access.,Wireless Access Control,
CIS Critical Security Controls v7,15.5,Foundational,Devices,Protect,Limit Wireless Access on Client Devices,Limit Wireless Access on Client Devices,"Configure wireless access on client machines that do have an essential wireless business purpose, to allow access only to authorized wireless networks and to restrict access to other wireless networks.",Wireless Access Control,
CIS Critical Security Controls v7,15.6,Foundational,Devices,Protect,Disable Peer-to-peer Wireless Network Capabilities on Wireless Clients,Disable Peer-to-peer Wireless Network Capabilities on Wireless Clients,Disable peer-to-peer (adhoc) wireless network capabilities on wireless clients.,Wireless Access Control,
CIS Critical Security Controls v7,15.7,Foundational,Network,Protect,Leverage the Advanced Encryption Standard (AES) to Encrypt Wireless Data,Leverage the Advanced Encryption Standard (AES) to Encrypt Wireless Data,Leverage the Advanced Encryption Standard (AES) to encrypt wireless data in transit.,Wireless Access Control,
CIS Critical Security Controls v7,15.8,Foundational,Network,Protect,"Use Wireless Authentication Protocols that Require Mutual, Multi-Factor Authentication","Use Wireless Authentication Protocols that Require Mutual, Multi-Factor Authentication","Ensure that wireless networks use authentication protocols such as Extensible Authentication Protocol-Transport Layer Security (EAP/TLS), that requires mutual, multi-factor authentication.",Wireless Access Control,
CIS Critical Security Controls v7,15.9,Foundational,Devices,Protect,Disable Wireless Peripheral Access of Devices,Disable Wireless Peripheral Access of Devices,"Disable wireless peripheral access of devices (such as Bluetooth and NFC), unless such access is required for a business purpose.",Wireless Access Control,
CIS Critical Security Controls v7,15.1,Foundational,Network,Protect,Create Separate Wireless Network for Personal and Untrusted Devices,Create Separate Wireless Network for Personal and Untrusted Devices,Create a separate wireless network for personal or untrusted devices. Enterprise access from this network should be treated as untrusted and filtered and audited accordingly.,Wireless Access Control,
CIS Critical Security Controls v7,16.1,Foundational,Users,Identify,Maintain an Inventory of Authentication Systems,Maintain an Inventory of Authentication Systems,"Maintain an inventory of each of the organization's authentication systems, including those located onsite or at a remote service provider.",Account Monitoring and Control,
CIS Critical Security Controls v7,16.2,Foundational,Users,Protect,Configure Centralized Point of Authentication,Configure Centralized Point of Authentication,"Configure access for all accounts through as few centralized points of authentication as possible, including network, security, and cloud systems.",Account Monitoring and Control,
CIS Critical Security Controls v7,16.3,Foundational,Users,Protect,Require Multi-factor Authentication,Require Multi-factor Authentication,"Require multi-factor authentication for all user accounts, on all systems, whether managed onsite or by a third-party provider.",Account Monitoring and Control,
CIS Critical Security Controls v7,16.4,Foundational,Users,Protect,Encrypt or Hash all Authentication Credentials,Encrypt or Hash all Authentication Credentials,Encrypt or hash with a salt all authentication credentials when stored.,Account Monitoring and Control,
CIS Critical Security Controls v7,16.5,Foundational,Users,Protect,Encrypt Transmittal of Username and Authentication Credentials,Encrypt Transmittal of Username and Authentication Credentials,Ensure that all account usernames and authentication credentials are transmitted across networks using encrypted channels.,Account Monitoring and Control,
CIS Critical Security Controls v7,16.6,Foundational,Users,Identify,Maintain an Inventory of Accounts,Maintain an Inventory of Accounts,Maintain an inventory of all accounts organized by authentication system.,Account Monitoring and Control,
CIS Critical Security Controls v7,16.7,Foundational,Users,Protect,Establish Process for Revoking Access,Establish Process for Revoking Access,"Establish and follow an automated process for revoking system access by disabling accounts immediately upon termination or change of responsibilities of an employee or contractor . Disabling these accounts, instead of deleting accounts, allows preservation of audit trails.",Account Monitoring and Control,
CIS Critical Security Controls v7,16.8,Foundational,Users,Respond,Disable Any Unassociated Accounts,Disable Any Unassociated Accounts,Disable any account that cannot be associated with a business process or business owner.,Account Monitoring and Control,
CIS Critical Security Controls v7,16.9,Foundational,Users,Respond,Disable Dormant Accounts,Disable Dormant Accounts,Automatically disable dormant accounts after a set period of inactivity.,Account Monitoring and Control,
CIS Critical Security Controls v7,16.1,Foundational,Users,Protect,Ensure All Accounts Have An Expiration Date,Ensure All Accounts Have An Expiration Date,Ensure that all accounts have an expiration date that is monitored and enforced.,Account Monitoring and Control,
CIS Critical Security Controls v7,16.11,Foundational,Users,Protect,Lock Workstation Sessions After Inactivity,Lock Workstation Sessions After Inactivity,Automatically lock workstation sessions after a standard period of inactivity.,Account Monitoring and Control,
CIS Critical Security Controls v7,16.12,Foundational,Users,Detect,Monitor Attempts to Access Deactivated Accounts,Monitor Attempts to Access Deactivated Accounts,Monitor attempts to access deactivated accounts through audit logging.,Account Monitoring and Control,
CIS Critical Security Controls v7,16.13,Foundational,Users,Detect,Alert on Account Login Behavior Deviation,Alert on Account Login Behavior Deviation,"Alert when users deviate from normal login behavior, such as time-of-day, workstation location and duration.",Account Monitoring and Control,
CIS Critical Security Controls v7,17.1,Organizational,N/A,N/A,Perform a Skills Gap Analysis,Perform a Skills Gap Analysis,"Perform a skills gap analysis to understand the skills and behaviors workforce members are not adhering to, using this information to build a baseline education roadmap.",Implement a Security Awareness and Training Program,
CIS Critical Security Controls v7,17.2,Organizational,N/A,N/A,Deliver Training to Fill the Skills Gap,Deliver Training to Fill the Skills Gap,Deliver training to address the skills gap identified to positively impact workforce members' security behavior.,Implement a Security Awareness and Training Program,
CIS Critical Security Controls v7,17.3,Organizational,N/A,N/A,Implement a Security Awareness Program,Implement a Security Awareness Program,Create a security awareness program for all workforce members to complete on a regular basis to ensure they understand and exhibit the necessary behaviors and skills to help ensure the security of the organization. The organization's security awareness program should be communicated in a continuous and engaging manner.,Implement a Security Awareness and Training Program,
CIS Critical Security Controls v7,17.4,Organizational,N/A,N/A,Update Awareness Content Frequently,Update Awareness Content Frequently,"Ensure that the organization's security awareness program is updated frequently (at least annually) to address new technologies, threats, standards and business requirements.",Implement a Security Awareness and Training Program,
CIS Critical Security Controls v7,17.5,Organizational,N/A,N/A,Train Workforce on Secure Authentication,Train Workforce on Secure Authentication,Train workforce members on the importance of enabling and utilizing secure authentication.,Implement a Security Awareness and Training Program,
CIS Critical Security Controls v7,17.6,Organizational,N/A,N/A,Train Workforce on Identifying Social Engineering Attacks,Train Workforce on Identifying Social Engineering Attacks,"Train the workforce on how to identify different forms of social engineering attacks, such as phishing, phone scams and impersonation calls.",Implement a Security Awareness and Training Program,
CIS Critical Security Controls v7,17.7,Organizational,N/A,N/A,Train Workforce on Sensitive Data Handling,Train Workforce on Sensitive Data Handling,"Train workforce on how to identify and properly store, transfer, archive and destroy sensitive information.",Implement a Security Awareness and Training Program,
CIS Critical Security Controls v7,17.8,Organizational,N/A,N/A,Train Workforce on Causes of Unintentional Data Exposure,Train Workforce on Causes of Unintentional Data Exposure,"Train workforce members to be aware of causes for unintentional data exposures, such as losing their mobile devices or emailing the wrong person due to autocomplete in email.",Implement a Security Awareness and Training Program,
CIS Critical Security Controls v7,17.9,Organizational,N/A,N/A,Train Workforce Members on Identifying and Reporting Incidents,Train Workforce Members on Identifying and Reporting Incidents,Train employees to be able to identify the most common indicators of an incident and be able to report such an incident.,Implement a Security Awareness and Training Program,
CIS Critical Security Controls v7,18.1,Organizational,N/A,N/A,Establish Secure Coding Practices,Establish Secure Coding Practices,Establish secure coding practices appropriate to the programming language and development environment being used.,Application Software Security,
CIS Critical Security Controls v7,18.2,Organizational,N/A,N/A,Ensure Explicit Error Checking is Performed for All In-house Developed Software,Ensure Explicit Error Checking is Performed for All In-house Developed Software,"For in-house developed software, ensure that explicit error checking is performed and documented for all input, including for size, data type, and acceptable ranges or formats.",Application Software Security,
CIS Critical Security Controls v7,18.3,Organizational,N/A,N/A,Verify That Acquired Software is Still Supported,Verify That Acquired Software is Still Supported,Verify that the version of all software acquired from outside your organization is still supported by the developer or appropriately hardened based on developer security recommendations.,Application Software Security,
CIS Critical Security Controls v7,18.4,Organizational,N/A,N/A,Only Use Up-to-date And Trusted Third-Party Components,Only Use Up-to-date And Trusted Third-Party Components,Only use up-to-date and trusted third-party components for the software developed by the organization.,Application Software Security,
CIS Critical Security Controls v7,18.5,Organizational,N/A,N/A,Use Only Standardized and Extensively Reviewed Encryption Algorithms,Use Only Standardized and Extensively Reviewed Encryption Algorithms,Use only standardized and extensively reviewed encryption algorithms.,Application Software Security,
CIS Critical Security Controls v7,18.6,Organizational,N/A,N/A,Ensure Software Development Personnel are Trained in Secure Coding,Ensure Software Development Personnel are Trained in Secure Coding,Ensure that all software development personnel receive training in writing secure code for their specific development environment and responsibilities.,Application Software Security,
CIS Critical Security Controls v7,18.7,Organizational,N/A,N/A,Apply Static and Dynamic Code Analysis Tools,Apply Static and Dynamic Code Analysis Tools,Apply static and dynamic analysis tools to verify that secure coding practices are being adhered to for internally developed software.,Application Software Security,
CIS Critical Security Controls v7,18.8,Organizational,N/A,N/A,Establish a Process to Accept and Address Reports of Software Vulnerabilities,Establish a Process to Accept and Address Reports of Software Vulnerabilities,"Establish a process to accept and address reports of software vulnerabilities, including providing a means for external entities to contact your security group.",Application Software Security,
CIS Critical Security Controls v7,18.9,Organizational,N/A,N/A,Separate Production and Non-Production Systems,Separate Production and Non-Production Systems,Maintain separate environments for production and nonproduction systems. Developers should not have unmonitored access to production environments.,Application Software Security,
CIS Critical Security Controls v7,18.1,Organizational,N/A,N/A,Deploy Web Application Firewalls (WAFs),Deploy Web Application Firewalls (WAFs),"Protect web applications by deploying web application firewalls (WAFs) that inspect all traffic flowing to the web application for common web application attacks. For applications that are not web-based, specific application firewalls should be deployed if such tools are available for the given application type. If the traffic is encrypted, the device should either sit behind the encryption or be capable of decrypting the traffic prior to analysis. If neither option is appropriate, a host-based web application firewall should be deployed.",Application Software Security,
CIS Critical Security Controls v7,18.11,Organizational,N/A,N/A,Use Standard Hardening Configuration Templates for Databases,Use Standard Hardening Configuration Templates for Databases,"For applications that rely on a database, use standard hardening configuration templates. All systems that are part of critical business processes should also be tested.",Application Software Security,
CIS Critical Security Controls v7,19.1,Organizational,N/A,N/A,Document Incident Response Procedures,Document Incident Response Procedures,Ensure that there are written incident response plans that defines roles of personnel as well as phases of incident handling/management.,Incident Response and Management,
CIS Critical Security Controls v7,19.2,Organizational,N/A,N/A,Assign Job Titles and Duties for Incident Response,Assign Job Titles and Duties for Incident Response,Assign job titles and duties for handling computer and network incidents to specific individuals and ensure tracking and documentation throughout the incident through resolution.,Incident Response and Management,
CIS Critical Security Controls v7,19.3,Organizational,N/A,N/A,Designate Management Personnel to Support Incident Handling,Designate Management Personnel to Support Incident Handling,"Designate management personnel, as well as backups, who will support the incident handling process by acting in key decision-making roles.",Incident Response and Management,
CIS Critical Security Controls v7,19.4,Organizational,N/A,N/A,Devise Organization-wide Standards for Reporting Incidents,Devise Organization-wide Standards for Reporting Incidents,"Devise organization-wide standards for the time required for system administrators and other workforce members to report anomalous events to the incident handling team, the mechanisms for such reporting, and the kind of information that should be included in the incident notification.",Incident Response and Management,
CIS Critical Security Controls v7,19.5,Organizational,N/A,N/A,Maintain Contact Information For Reporting Security Incidents,Maintain Contact Information For Reporting Security Incidents,"Assemble and maintain information on third-party contact information to be used to report a security incident, such as Law Enforcement, relevant government departments, vendors, and ISAC partners.",Incident Response and Management,
CIS Critical Security Controls v7,19.6,Organizational,N/A,N/A,Publish Information Regarding Reporting Computer Anomalies and Incidents,Publish Information Regarding Reporting Computer Anomalies and Incidents,"Publish information for all workforce members, regarding reporting computer anomalies and incidents to the incident handling team. Such information should be included in routine employee awareness activities.",Incident Response and Management,
CIS Critical Security Controls v7,19.7,Organizational,N/A,N/A,Conduct Periodic Incident Scenario Sessions for Personnel,Conduct Periodic Incident Scenario Sessions for Personnel,"Plan and conduct routine incident response exercises and scenarios for the workforce involved in the incident response to maintain awareness and comfort in responding to real world threats. Exercises should test communication channels, decision making, and incident responders technical capabilities using tools and data available to them.",Incident Response and Management,
CIS Critical Security Controls v7,19.8,Organizational,N/A,N/A,Create Incident Scoring and Prioritization Schema,Create Incident Scoring and Prioritization Schema,Create incident scoring and prioritization schema based on known or potential impact to your organization. Utilize score to define frequency of status updates and escalation procedures.,Incident Response and Management,
CIS Critical Security Controls v7,20.1,Organizational,N/A,N/A,Establish a Penetration Testing Program,Establish a Penetration Testing Program,"Establish a program for penetration tests that includes a full scope of blended attacks, such as wireless, client-based, and web application attacks.",Penetration Tests and Red Team Exercises,
CIS Critical Security Controls v7,20.2,Organizational,N/A,N/A,Conduct Regular External and Internal Penetration Tests,Conduct Regular External and Internal Penetration Tests,Conduct regular external and internal penetration tests to identify vulnerabilities and attack vectors that can be used to exploit enterprise systems successfully.,Penetration Tests and Red Team Exercises,
CIS Critical Security Controls v7,20.3,Organizational,N/A,N/A,Perform Periodic Red Team Exercises,Perform Periodic Red Team Exercises,Perform periodic Red Team exercises to test organizational readiness to identify and stop attacks or to respond quickly and effectively.,Penetration Tests and Red Team Exercises,
CIS Critical Security Controls v7,20.4,Organizational,N/A,N/A,Include Tests for Presence of Unprotected System Information and Artifacts,Include Tests for Presence of Unprotected System Information and Artifacts,"Include tests for the presence of unprotected system information and artifacts that would be useful to attackers, including network diagrams, configuration files, older penetration test reports, e-mails or documents containing passwords or other information critical to system operation.",Penetration Tests and Red Team Exercises,
CIS Critical Security Controls v7,20.5,Organizational,N/A,N/A,Create Test Bed for Elements Not Typically Tested in Production,Create Test Bed for Elements Not Typically Tested in Production,"Create a test bed that mimics a production environment for specific penetration tests and Red Team attacks against elements that are not typically tested in production, such as attacks against supervisory control and data acquisition and other control systems.",Penetration Tests and Red Team Exercises,
CIS Critical Security Controls v7,20.6,Organizational,N/A,N/A,Use Vulnerability Scanning and Penetration Testing Tools in Concert,Use Vulnerability Scanning and Penetration Testing Tools in Concert,Use vulnerability scanning and penetration testing tools in concert. The results of vulnerability scanning assessments should be used as a starting point to guide and focus penetration testing efforts.,Penetration Tests and Red Team Exercises,
CIS Critical Security Controls v7,20.7,Organizational,N/A,N/A,"Ensure Results from Penetration Test are Documented Using Open, Machine-readable Standards","Ensure Results from Penetration Test are Documented Using Open, Machine-readable Standards","Wherever possible, ensure that Red Teams results are documented using open, machine-readable standards (e.g., SCAP). Devise a scoring method for determining the results of Red Team exercises so that results can be compared over time.",Penetration Tests and Red Team Exercises,
CIS Critical Security Controls v7,20.8,Organizational,N/A,N/A,Control and Monitor Accounts Associated with Penetration Testing,Control and Monitor Accounts Associated with Penetration Testing,"Any user or system accounts used to perform penetration testing should be controlled and monitored to make sure they are only being used for legitimate purposes, and are removed or restored to normal function after testing is over.",Penetration Tests and Red Team Exercises,